{"assets/fonts/DMSans-Bold.ttf":["assets/fonts/DMSans-Bold.ttf"],"assets/fonts/DMSans-Medium.ttf":["assets/fonts/DMSans-Medium.ttf"],"assets/fonts/DMSans-Regular.ttf":["assets/fonts/DMSans-Regular.ttf"],"assets/images/1.png":["assets/images/1.png"],"assets/images/2.png":["assets/images/2.png"],"assets/images/3.png":["assets/images/3.png"],"assets/images/4.png":["assets/images/4.png"],"assets/images/banner.png":["assets/images/banner.png"],"assets/images/googlelogo.png":["assets/images/googlelogo.png"],"assets/images/logo.png":["assets/images/logo.png"],"assets/images/profile.png":["assets/images/profile.png"],"assets/images/sample.jpg":["assets/images/sample.jpg"],"packages/cupertino_icons/assets/CupertinoIcons.ttf":["packages/cupertino_icons/assets/CupertinoIcons.ttf"],"packages/fluttertoast/assets/toastify.css":["packages/fluttertoast/assets/toastify.css"],"packages/fluttertoast/assets/toastify.js":["packages/fluttertoast/assets/toastify.js"]}